{"cameraMode":{"drawMode":0,"name":"Shaded","section":"Shading Mode"},"sceneLighting":false,"audioPlay":false,"sceneViewState":{"showFog":true,"showMaterialUpdate":false,"showSkybox":false,"showFlares":true,"showImageEffects":true,"showParticleSystems":true},"in2DMode":false,"pivot":{"x":-3.4111616611480715,"y":0.3689669966697693,"z":-12.81911849975586},"rotation":{"x":-0.015529393218457699,"y":0.28255629539489748,"z":0.0045744869858026508,"w":0.9591220021247864},"size":2.3926048278808595,"orthographic":false}