{"cameraMode":{"drawMode":0,"name":"Shaded","section":"Shading Mode"},"sceneLighting":true,"audioPlay":false,"sceneViewState":{"showFog":true,"showMaterialUpdate":false,"showSkybox":true,"showFlares":true,"showImageEffects":true,"showParticleSystems":true},"in2DMode":false,"pivot":{"x":-3.561532497406006,"y":0.995354175567627,"z":-4.958065032958984},"rotation":{"x":0.15276294946670533,"y":-0.4462772011756897,"z":0.07761821895837784,"w":0.8783403038978577},"size":2.830420732498169,"orthographic":false}