{"cameraMode":{"drawMode":0,"name":"Shaded","section":"Shading Mode"},"sceneLighting":true,"audioPlay":false,"sceneViewState":{"showFog":true,"showMaterialUpdate":false,"showSkybox":true,"showFlares":true,"showImageEffects":true,"showParticleSystems":true},"in2DMode":false,"pivot":{"x":375.7181091308594,"y":0.0005023102276027203,"z":-10.143198013305664},"rotation":{"x":-0.044671423733234408,"y":0.01348119042813778,"z":0.0006035479600541294,"w":0.9989135265350342},"size":524.2630004882813,"orthographic":false}