{"cameraMode":{"drawMode":0,"name":"Shaded","section":"Shading Mode"},"sceneLighting":true,"audioPlay":false,"sceneViewState":{"showFog":true,"showMaterialUpdate":false,"showSkybox":true,"showFlares":true,"showImageEffects":true,"showParticleSystems":true},"in2DMode":false,"pivot":{"x":14.869361877441407,"y":-2.259552478790283,"z":-32.939903259277347},"rotation":{"x":-0.06292081624269486,"y":0.03442465886473656,"z":0.0021718163043260576,"w":0.9974237680435181},"size":7.740250587463379,"orthographic":false}