{"cameraMode":{"drawMode":0,"name":"Shaded","section":"Shading Mode"},"sceneLighting":true,"audioPlay":false,"sceneViewState":{"showFog":true,"showMaterialUpdate":false,"showSkybox":true,"showFlares":true,"showImageEffects":true,"showParticleSystems":true},"in2DMode":false,"pivot":{"x":-1.4989521503448487,"y":6.825906753540039,"z":32.18286895751953},"rotation":{"x":0.0030095120891928674,"y":-0.01705831289291382,"z":-0.0004959016223438084,"w":0.9999867677688599},"size":6.695334434509277,"orthographic":false}