{"cameraMode":{"drawMode":0,"name":"Shaded","section":"Shading Mode"},"sceneLighting":true,"audioPlay":false,"sceneViewState":{"showFog":true,"showMaterialUpdate":false,"showSkybox":true,"showFlares":true,"showImageEffects":true,"showParticleSystems":true},"in2DMode":false,"pivot":{"x":-12.542683601379395,"y":6.785690784454346,"z":15.120938301086426},"rotation":{"x":-0.004500725772231817,"y":-0.0015055203111842275,"z":0.00012446678010746837,"w":1.0000321865081788},"size":24.550670623779298,"orthographic":false}