{"cameraMode":{"drawMode":0,"name":"Shaded","section":"Shading Mode"},"sceneLighting":false,"audioPlay":false,"sceneViewState":{"showFog":true,"showMaterialUpdate":false,"showSkybox":false,"showFlares":true,"showImageEffects":true,"showParticleSystems":true},"in2DMode":false,"pivot":{"x":4.215944290161133,"y":-0.807083010673523,"z":55.06581115722656},"rotation":{"x":-0.06323203444480896,"y":-0.9292631149291992,"z":0.2002505213022232,"w":-0.30481988191604617},"size":14.881858825683594,"orthographic":false}