{"cameraMode":{"drawMode":0,"name":"Shaded","section":"Shading Mode"},"sceneLighting":false,"audioPlay":false,"sceneViewState":{"showFog":true,"showMaterialUpdate":false,"showSkybox":false,"showFlares":true,"showImageEffects":true,"showParticleSystems":true},"in2DMode":false,"pivot":{"x":-5.635715007781982,"y":-1.2489445209503174,"z":9.901430130004883},"rotation":{"x":-0.07746988534927368,"y":0.2993979752063751,"z":-0.024398498237133027,"w":-0.9506800174713135},"size":10.0,"orthographic":false}