{"cameraMode":{"drawMode":0,"name":"Shaded","section":"Shading Mode"},"sceneLighting":false,"audioPlay":false,"sceneViewState":{"showFog":true,"showMaterialUpdate":false,"showSkybox":false,"showFlares":true,"showImageEffects":true,"showParticleSystems":true},"in2DMode":false,"pivot":{"x":-4.461530685424805,"y":-2.70070743560791,"z":-36.04450607299805},"rotation":{"x":-0.030566006898880006,"y":-0.9671620726585388,"z":0.1914038509130478,"w":-0.1659630537033081},"size":7.782788276672363,"orthographic":false}