{"cameraMode":{"drawMode":0,"name":"Shaded","section":"Shading Mode"},"sceneLighting":true,"audioPlay":false,"sceneViewState":{"showFog":true,"showMaterialUpdate":false,"showSkybox":true,"showFlares":true,"showImageEffects":true,"showParticleSystems":true},"in2DMode":false,"pivot":{"x":-2.529278039932251,"y":1.1991790533065797,"z":-0.36486148834228518},"rotation":{"x":-0.4193623661994934,"y":0.5661816000938416,"z":-0.41074812412261965,"w":-0.5787880420684815},"size":2.1013877391815187,"orthographic":false}