{"cameraMode":{"drawMode":0,"name":"Shaded","section":"Shading Mode"},"sceneLighting":true,"audioPlay":false,"sceneViewState":{"showFog":true,"showMaterialUpdate":false,"showSkybox":true,"showFlares":true,"showImageEffects":true,"showParticleSystems":true},"in2DMode":false,"pivot":{"x":-2.6881768703460695,"y":0.828538715839386,"z":-1.1101000308990479},"rotation":{"x":0.0961560532450676,"y":0.01824198104441166,"z":-0.0014922453556209803,"w":0.9952676892280579},"size":1.3826065063476563,"orthographic":false}