{"cameraMode":{"drawMode":0,"name":"Shaded","section":"Shading Mode"},"sceneLighting":true,"audioPlay":false,"sceneViewState":{"showFog":true,"showMaterialUpdate":false,"showSkybox":true,"showFlares":true,"showImageEffects":true,"showParticleSystems":true},"in2DMode":false,"pivot":{"x":40.772212982177737,"y":7.143056392669678,"z":8.289606094360352},"rotation":{"x":0.08953116834163666,"y":-0.754097044467926,"z":0.10254190862178803,"w":0.6429550647735596},"size":0.9013878107070923,"orthographic":false}