{"cameraMode":{"drawMode":0,"name":"Shaded","section":"Shading Mode"},"sceneLighting":false,"audioPlay":false,"sceneViewState":{"showFog":true,"showMaterialUpdate":false,"showSkybox":false,"showFlares":true,"showImageEffects":true,"showParticleSystems":true},"in2DMode":false,"pivot":{"x":8.953582763671875,"y":-7.826613903045654,"z":39.64548873901367},"rotation":{"x":-0.025105250999331476,"y":-0.9696054458618164,"z":0.20849063992500306,"w":-0.12771491706371308},"size":14.988919258117676,"orthographic":false}